{
    "accuracy": 0.9935022569005233,
    "macro_f1": 0.8444648378442009,
    "training_time_seconds": 31.362843990325928,
    "report": {
        "arp_spoofing": {
            "precision": 0.27617278216442176,
            "recall": 0.9261682242990654,
            "f1-score": 0.425474060822898,
            "support": 3210.0
        },
        "benign": {
            "precision": 0.9891722159060148,
            "recall": 0.9479855760500169,
            "f1-score": 0.9681410536634476,
            "support": 38547.0
        },
        "ddos": {
            "precision": 0.9995757412463958,
            "recall": 0.9993476750999846,
            "f1-score": 0.9994616951626449,
            "support": 994903.0
        },
        "dos": {
            "precision": 0.9986568313950298,
            "recall": 0.9989703531973936,
            "f1-score": 0.9988135676930422,
            "support": 455496.0
        },
        "mqtt_malformed": {
            "precision": 0.5759530791788856,
            "recall": 0.9571150097465887,
            "f1-score": 0.7191504943244232,
            "support": 1026.0
        },
        "reconnaissance": {
            "precision": 0.9961387468360969,
            "recall": 0.9185053762160489,
            "f1-score": 0.9557481553987498,
            "support": 83981.0
        },
        "accuracy": 0.9935022569005233,
        "macro avg": {
            "precision": 0.8059448994544741,
            "recall": 0.9580153691015164,
            "f1-score": 0.8444648378442009,
            "support": 1577163.0
        },
        "weighted avg": {
            "precision": 0.9971251467102199,
            "recall": 0.9935022569005233,
            "f1-score": 0.9948307580819714,
            "support": 1577163.0
        }
    }
}