{
    "accuracy": 0.9958672629271673,
    "macro_f1": 0.8746147166873496,
    "training_time_seconds": 18.363188982009888,
    "report": {
        "arp_spoofing": {
            "precision": 0.4218594748048261,
            "recall": 0.9258566978193147,
            "f1-score": 0.5796196977084349,
            "support": 3210.0
        },
        "benign": {
            "precision": 0.9900826892936281,
            "recall": 0.9505019845902405,
            "f1-score": 0.9698886874114859,
            "support": 38547.0
        },
        "ddos": {
            "precision": 0.9995908145404606,
            "recall": 0.9993456648537596,
            "f1-score": 0.9994682246645241,
            "support": 994903.0
        },
        "dos": {
            "precision": 0.9986612178966636,
            "recall": 0.9989725486063544,
            "f1-score": 0.9988168589911034,
            "support": 455496.0
        },
        "mqtt_malformed": {
            "precision": 0.5799763033175356,
            "recall": 0.9541910331384016,
            "f1-score": 0.7214443625644805,
            "support": 1026.0
        },
        "reconnaissance": {
            "precision": 0.9956611239168218,
            "recall": 0.9618246984436956,
            "f1-score": 0.9784504687840686,
            "support": 83981.0
        },
        "accuracy": 0.9958672629271673,
        "macro avg": {
            "precision": 0.8309719372949894,
            "recall": 0.9651154379086279,
            "f1-score": 0.8746147166873496,
            "support": 1577163.0
        },
        "weighted avg": {
            "precision": 0.9974318755505891,
            "recall": 0.9958672629271673,
            "f1-score": 0.9964026218752667,
            "support": 1577163.0
        }
    }
}