{
    "accuracy": 0.39488562691364176,
    "macro_f1": 0.4428954282765781,
    "training_time_seconds": 2.579686403274536,
    "report": {
        "arp_spoofing": {
            "precision": 0.20338835794960902,
            "recall": 0.7292834890965733,
            "f1-score": 0.31807065217391306,
            "support": 3210.0
        },
        "benign": {
            "precision": 0.9602446483180428,
            "recall": 0.8064440812514593,
            "f1-score": 0.8766497461928934,
            "support": 38547.0
        },
        "ddos": {
            "precision": 0.6056790317373055,
            "recall": 0.27905836046328136,
            "f1-score": 0.3820790192741853,
            "support": 994903.0
        },
        "dos": {
            "precision": 0.2545476764079467,
            "recall": 0.5121801289144142,
            "f1-score": 0.34007964968134297,
            "support": 455496.0
        },
        "mqtt_malformed": {
            "precision": 0.03630820399113082,
            "recall": 0.3830409356725146,
            "f1-score": 0.06632911392405064,
            "support": 1026.0
        },
        "reconnaissance": {
            "precision": 0.5289313887608772,
            "recall": 0.9293411605005895,
            "f1-score": 0.674164388413083,
            "support": 83981.0
        },
        "accuracy": 0.39488562691364176,
        "macro avg": {
            "precision": 0.43151655119415205,
            "recall": 0.6065580259831388,
            "f1-score": 0.4428954282765781,
            "support": 1577163.0
        },
        "weighted avg": {
            "precision": 0.5076597665493107,
            "recall": 0.39488562691364176,
            "f1-score": 0.39725428529478485,
            "support": 1577163.0
        }
    }
}