{
    "accuracy": 0.9955502379906198,
    "macro_f1": 0.8863434219664481,
    "training_time_seconds": 271.6064221858978,
    "report": {
        "arp_spoofing": {
            "precision": 0.37038466486556026,
            "recall": 0.8968847352024922,
            "f1-score": 0.5242647728307385,
            "support": 3210.0
        },
        "benign": {
            "precision": 0.9721292629965513,
            "recall": 0.9872104184502036,
            "f1-score": 0.9796118004427741,
            "support": 38547.0
        },
        "ddos": {
            "precision": 0.9997255851168625,
            "recall": 0.9996662991266485,
            "f1-score": 0.9996959412427812,
            "support": 994903.0
        },
        "dos": {
            "precision": 0.9992931062492042,
            "recall": 0.9993325956759225,
            "f1-score": 0.9993128505724416,
            "support": 455496.0
        },
        "mqtt_malformed": {
            "precision": 0.7862468931234465,
            "recall": 0.9249512670565302,
            "f1-score": 0.8499776085982983,
            "support": 1026.0
        },
        "reconnaissance": {
            "precision": 0.9977122521606507,
            "recall": 0.9347352377323442,
            "f1-score": 0.9651975581116555,
            "support": 83981.0
        },
        "accuracy": 0.9955502379906198,
        "macro avg": {
            "precision": 0.8542486274187125,
            "recall": 0.9571300922073568,
            "f1-score": 0.8863434219664481,
            "support": 1577163.0
        },
        "weighted avg": {
            "precision": 0.9973992288492718,
            "recall": 0.9955502379906198,
            "f1-score": 0.9961924140759469,
            "support": 1577163.0
        }
    }
}