{
    "accuracy": 0.9972158870072402,
    "macro_f1": 0.9184912714387364,
    "training_time_seconds": 443.21278381347656,
    "report": {
        "arp_spoofing": {
            "precision": 0.5738727858293076,
            "recall": 0.8881619937694704,
            "f1-score": 0.6972364881389093,
            "support": 3210.0
        },
        "benign": {
            "precision": 0.9704914687954296,
            "recall": 0.9871585337380341,
            "f1-score": 0.9787540511343176,
            "support": 38547.0
        },
        "ddos": {
            "precision": 0.9997979066751124,
            "recall": 0.9994833667201727,
            "f1-score": 0.9996406119549051,
            "support": 994903.0
        },
        "dos": {
            "precision": 0.9988810538278929,
            "recall": 0.9995170100286281,
            "f1-score": 0.9991989307371374,
            "support": 455496.0
        },
        "mqtt_malformed": {
            "precision": 0.7916666666666666,
            "recall": 0.9259259259259259,
            "f1-score": 0.8535489667565139,
            "support": 1026.0
        },
        "reconnaissance": {
            "precision": 0.9980837734922,
            "recall": 0.9675283695121516,
            "f1-score": 0.982568579910636,
            "support": 83981.0
        },
        "accuracy": 0.9972158870072402,
        "macro avg": {
            "precision": 0.8887989425477683,
            "recall": 0.9612958666157304,
            "f1-score": 0.9184912714387364,
            "support": 1577163.0
        },
        "weighted avg": {
            "precision": 0.9977232859958021,
            "recall": 0.9972158870072402,
            "f1-score": 0.9973829937655028,
            "support": 1577163.0
        }
    }
}