{
    "accuracy": 0.6391476340746011,
    "macro_f1": 0.5861867050206185,
    "training_time_seconds": 87.22323489189148,
    "report": {
        "arp_spoofing": {
            "precision": 0.29758562605277933,
            "recall": 0.4953271028037383,
            "f1-score": 0.37179936864258156,
            "support": 3210.0
        },
        "benign": {
            "precision": 0.892830499318293,
            "recall": 0.9003813526344463,
            "f1-score": 0.8965900284164299,
            "support": 38547.0
        },
        "ddos": {
            "precision": 0.7809517793689071,
            "recall": 0.633765301742984,
            "f1-score": 0.6997019357530616,
            "support": 994903.0
        },
        "dos": {
            "precision": 0.4241286577304859,
            "recall": 0.5761477598046965,
            "f1-score": 0.4885864981652384,
            "support": 455496.0
        },
        "mqtt_malformed": {
            "precision": 0.14262777629114262,
            "recall": 0.5194931773879142,
            "f1-score": 0.22380852403947094,
            "support": 1026.0
        },
        "reconnaissance": {
            "precision": 0.7591961885910012,
            "recall": 0.9316631142758481,
            "f1-score": 0.836633875106929,
            "support": 83981.0
        },
        "accuracy": 0.6391476340746011,
        "macro avg": {
            "precision": 0.5495534212254348,
            "recall": 0.6761296347749379,
            "f1-score": 0.5861867050206185,
            "support": 1577163.0
        },
        "weighted avg": {
            "precision": 0.6780756038281753,
            "recall": 0.6391476340746011,
            "f1-score": 0.6498567740712483,
            "support": 1577163.0
        }
    }
}